,slice,Charms,Muggle Studies,Ancient Runes,Flying,Transfiguration,History of Magic,Herbology,Astronomy,Divination,Potions
Ravenclaw,-0.8104949854579587,0.7327905959657462,0.849753007256457,0.6642996901808209,-0.03294055832201727,0.11531320185443537,0.08495450288952955,0.30377737191142357,-0.6139802018007366,0.2109491371738058,0.0922551316346967
Slytherin,-1.361585934154426,-0.3454928144225882,-0.20608181208469914,-0.2999678552938186,-0.3184994388791964,0.13534815073797035,0.04573707534113969,-0.5859894859473457,-0.5385441890583145,-0.9299162239338881,0.4316163450070909
Gryffindor,-1.0452544014641505,-0.3219836462470259,-0.1292117634924546,0.47189149128472535,0.6050556703350819,-0.6680848575036428,-0.615873632567043,-0.5100312721620704,0.19853794626987037,0.16707090188519508,-0.21922282063486198
Hufflepuff,-0.7134491619846521,-0.13012557819391826,-0.547106469680863,-0.8421564050712332,-0.23590166223035416,0.39122605871952504,0.4388411320634128,0.7376437668104766,0.9687815112151366,0.5045299724072613,-0.3171427716239566
