,slice,Charms,Muggle Studies,Ancient Runes,Divination,Potions,Herbology,Astronomy,Flying,Transfiguration,History of Magic
Ravenclaw,-0.970023169460275,1.1250072318968642,1.127838976016088,0.6368976762414973,,,,,,,
Slytherin,-1.4363427283156025,-0.39762271201840227,,,-1.3171537206147086,0.6543113416950503,,,,,
Gryffindor,-1.273685902979736,,,,,,,,0.7990824187646877,-0.9460813959871376,-0.8900414445351074
Hufflepuff,-0.7479478392035555,,,-1.195209862200576,,,1.016109423962109,1.1514199737237985,,,
