,slice,Charms,Muggle Studies,Ancient Runes,Divination,Potions,Herbology,Astronomy,Flying,Transfiguration,History of Magic
Ravenclaw,-0.6019279408035132,0.7863842804968391,0.8014523109608286,0.4813831693525932,,,,,,,
Slytherin,-1.247830570754325,-0.36368691593571273,,,-1.1606785830000614,0.5903698205411407,,,,,
Gryffindor,-0.4253686204299976,,,,,,,,0.3861042117650629,-0.41866282112127295,-0.4074940496540839
Hufflepuff,-0.7479478392035555,,,-1.195209862200576,,,1.016109423962109,1.1514199737237985,,,
