,Arithmancy,Astronomy,Herbology,Defense Against the Dark Arts,Divination,Muggle Studies,Ancient Runes,History of Magic,Transfiguration,Potions,Care of Magical Creatures,Charms,Flying
Count,1566.0,1568.0,1567.0,1569.0,1561.0,1565.0,1565.0,1557.0,1566.0,1570.0,1560.0,1600.0,1600.0
Mean,49634.57024265645,39.79713089016475,1.1410195296768046,-0.38786349744178633,3.1539096732863547,-224.58991486346417,495.74797005915786,2.9630946151165936,1030.0969463871306,5.950372992780089,-0.0534271367004963,-243.3744090125,21.9580125
Std,16679.806035559308,520.2982676051708,5.2196819935318235,5.212793707585853,4.155300897977581,486.34483965206664,106.28516457845274,4.425774656123574,44.12511586678024,3.14785425039337,0.9714569677256252,8.783639876017117,97.63160206806158
Min,-24370.0,-966.7405456412164,-10.295662748653244,-10.16211940387396,-8.727,-1086.4968348887985,283.8696087336624,-8.858992991610515,906.6273196915248,-4.697483767872527,-3.313675764124477,-261.04892,-181.47
25%,38511.5,-489.55138715041005,-4.308181848374009,-5.259095401342299,3.099,-577.5800963375425,397.5110469338152,2.218653320946669,1026.2099926922328,3.646785043444046,-0.6716064747670524,-250.6526,-41.870000000000005
50%,49013.5,260.2894464246512,3.4690121044769087,-2.5893416144228647,4.624,-419.16429373366526,463.9183051467133,4.378175538816984,1045.5069962908478,5.874837348493016,-0.0448110498901474,-244.86776500000002,-2.5149999999999997
75%,60811.25,524.7719489693718,5.419183484776754,4.904680078747834,5.6670000000000025,254.99485732415616,597.4922295175508,5.8252416563826825,1058.4364104514657,8.24817253587401,0.5899193494244924,-232.552305,50.56
Max,104956.0,1016.211940387396,11.612895082210851,9.667405456412162,10.032,1092.3886105728684,745.3962198761234,11.889712754042709,1098.9582005409077,13.53676212499442,3.0565457738978123,-225.42814,279.07
